<module HW_revision="" XML_version="1" description="Port 3/4" id="Port 3/4">
<register acronym="P3IN" description="Port 3 Input" id="P3IN" offset=" 0x0220" width="8">
<bitfield begin="0" description="P3IN0" end="0" id="P3IN0" range="" resetval="0" rwaccess="RW" width="1"></bitfield>
<bitfield begin="1" description="P3IN1" end="1" id="P3IN1" range="" resetval="0" rwaccess="RW" width="1"></bitfield>
<bitfield begin="2" description="P3IN2" end="2" id="P3IN2" range="" resetval="0" rwaccess="RW" width="1"></bitfield>
<bitfield begin="3" description="P3IN3" end="3" id="P3IN3" range="" resetval="0" rwaccess="RW" width="1"></bitfield>
<bitfield begin="4" description="P3IN4" end="4" id="P3IN4" range="" resetval="0" rwaccess="RW" width="1"></bitfield>
<bitfield begin="5" description="P3IN5" end="5" id="P3IN5" range="" resetval="0" rwaccess="RW" width="1"></bitfield>
<bitfield begin="6" description="P3IN6" end="6" id="P3IN6" range="" resetval="0" rwaccess="RW" width="1"></bitfield>
<bitfield begin="7" description="P3IN7" end="7" id="P3IN7" range="" resetval="0" rwaccess="RW" width="1"></bitfield></register>
<register acronym="P3OUT" description="Port 3 Output" id="P3OUT" offset=" 0x0222" width="8">
<bitfield begin="0" description="P3OUT0" end="0" id="P3OUT0" range="" resetval="0" rwaccess="RW" width="1"></bitfield>
<bitfield begin="1" description="P3OUT1" end="1" id="P3OUT1" range="" resetval="0" rwaccess="RW" width="1"></bitfield>
<bitfield begin="2" description="P3OUT2" end="2" id="P3OUT2" range="" resetval="0" rwaccess="RW" width="1"></bitfield>
<bitfield begin="3" description="P3OUT3" end="3" id="P3OUT3" range="" resetval="0" rwaccess="RW" width="1"></bitfield>
<bitfield begin="4" description="P3OUT4" end="4" id="P3OUT4" range="" resetval="0" rwaccess="RW" width="1"></bitfield>
<bitfield begin="5" description="P3OUT5" end="5" id="P3OUT5" range="" resetval="0" rwaccess="RW" width="1"></bitfield>
<bitfield begin="6" description="P3OUT6" end="6" id="P3OUT6" range="" resetval="0" rwaccess="RW" width="1"></bitfield>
<bitfield begin="7" description="P3OUT7" end="7" id="P3OUT7" range="" resetval="0" rwaccess="RW" width="1"></bitfield></register>
<register acronym="P3DIR" description="Port 3 Direction" id="P3DIR" offset=" 0x0224" width="8">
<bitfield begin="0" description="P3DIR0" end="0" id="P3DIR0" range="" resetval="0" rwaccess="RW" width="1"></bitfield>
<bitfield begin="1" description="P3DIR1" end="1" id="P3DIR1" range="" resetval="0" rwaccess="RW" width="1"></bitfield>
<bitfield begin="2" description="P3DIR2" end="2" id="P3DIR2" range="" resetval="0" rwaccess="RW" width="1"></bitfield>
<bitfield begin="3" description="P3DIR3" end="3" id="P3DIR3" range="" resetval="0" rwaccess="RW" width="1"></bitfield>
<bitfield begin="4" description="P3DIR4" end="4" id="P3DIR4" range="" resetval="0" rwaccess="RW" width="1"></bitfield>
<bitfield begin="5" description="P3DIR5" end="5" id="P3DIR5" range="" resetval="0" rwaccess="RW" width="1"></bitfield>
<bitfield begin="6" description="P3DIR6" end="6" id="P3DIR6" range="" resetval="0" rwaccess="RW" width="1"></bitfield>
<bitfield begin="7" description="P3DIR7" end="7" id="P3DIR7" range="" resetval="0" rwaccess="RW" width="1"></bitfield></register>
<register acronym="P3REN" description="Port 3 Resistor Enable" id="P3REN" offset=" 0x0226" width="8">
<bitfield begin="0" description="P3REN0" end="0" id="P3REN0" range="" resetval="0" rwaccess="RW" width="1"></bitfield>
<bitfield begin="1" description="P3REN1" end="1" id="P3REN1" range="" resetval="0" rwaccess="RW" width="1"></bitfield>
<bitfield begin="2" description="P3REN2" end="2" id="P3REN2" range="" resetval="0" rwaccess="RW" width="1"></bitfield>
<bitfield begin="3" description="P3REN3" end="3" id="P3REN3" range="" resetval="0" rwaccess="RW" width="1"></bitfield>
<bitfield begin="4" description="P3REN4" end="4" id="P3REN4" range="" resetval="0" rwaccess="RW" width="1"></bitfield>
<bitfield begin="5" description="P3REN5" end="5" id="P3REN5" range="" resetval="0" rwaccess="RW" width="1"></bitfield>
<bitfield begin="6" description="P3REN6" end="6" id="P3REN6" range="" resetval="0" rwaccess="RW" width="1"></bitfield>
<bitfield begin="7" description="P3REN7" end="7" id="P3REN7" range="" resetval="0" rwaccess="RW" width="1"></bitfield></register>
<register acronym="P3DS" description="Port 3 Drive Strenght" id="P3DS" offset=" 0x0228" width="8">
<bitfield begin="0" description="P3DS0" end="0" id="P3DS0" range="" resetval="0" rwaccess="RW" width="1"></bitfield>
<bitfield begin="1" description="P3DS1" end="1" id="P3DS1" range="" resetval="0" rwaccess="RW" width="1"></bitfield>
<bitfield begin="2" description="P3DS2" end="2" id="P3DS2" range="" resetval="0" rwaccess="RW" width="1"></bitfield>
<bitfield begin="3" description="P3DS3" end="3" id="P3DS3" range="" resetval="0" rwaccess="RW" width="1"></bitfield>
<bitfield begin="4" description="P3DS4" end="4" id="P3DS4" range="" resetval="0" rwaccess="RW" width="1"></bitfield>
<bitfield begin="5" description="P3DS5" end="5" id="P3DS5" range="" resetval="0" rwaccess="RW" width="1"></bitfield>
<bitfield begin="6" description="P3DS6" end="6" id="P3DS6" range="" resetval="0" rwaccess="RW" width="1"></bitfield>
<bitfield begin="7" description="P3DS7" end="7" id="P3DS7" range="" resetval="0" rwaccess="RW" width="1"></bitfield></register>
<register acronym="P3SEL" description="Port 3 Selection" id="P3SEL" offset=" 0x022A" width="8">
<bitfield begin="0" description="P3SEL0" end="0" id="P3SEL0" range="" resetval="0" rwaccess="RW" width="1"></bitfield>
<bitfield begin="1" description="P3SEL1" end="1" id="P3SEL1" range="" resetval="0" rwaccess="RW" width="1"></bitfield>
<bitfield begin="2" description="P3SEL2" end="2" id="P3SEL2" range="" resetval="0" rwaccess="RW" width="1"></bitfield>
<bitfield begin="3" description="P3SEL3" end="3" id="P3SEL3" range="" resetval="0" rwaccess="RW" width="1"></bitfield>
<bitfield begin="4" description="P3SEL4" end="4" id="P3SEL4" range="" resetval="0" rwaccess="RW" width="1"></bitfield>
<bitfield begin="5" description="P3SEL5" end="5" id="P3SEL5" range="" resetval="0" rwaccess="RW" width="1"></bitfield>
<bitfield begin="6" description="P3SEL6" end="6" id="P3SEL6" range="" resetval="0" rwaccess="RW" width="1"></bitfield>
<bitfield begin="7" description="P3SEL7" end="7" id="P3SEL7" range="" resetval="0" rwaccess="RW" width="1"></bitfield></register>
<register acronym="P4IN" description="Port 4 Input" id="P4IN" offset=" 0x0221" width="8">
<bitfield begin="0" description="P4IN0" end="0" id="P4IN0" range="" resetval="0" rwaccess="RW" width="1"></bitfield>
<bitfield begin="1" description="P4IN1" end="1" id="P4IN1" range="" resetval="0" rwaccess="RW" width="1"></bitfield>
<bitfield begin="2" description="P4IN2" end="2" id="P4IN2" range="" resetval="0" rwaccess="RW" width="1"></bitfield>
<bitfield begin="3" description="P4IN3" end="3" id="P4IN3" range="" resetval="0" rwaccess="RW" width="1"></bitfield>
<bitfield begin="4" description="P4IN4" end="4" id="P4IN4" range="" resetval="0" rwaccess="RW" width="1"></bitfield>
<bitfield begin="5" description="P4IN5" end="5" id="P4IN5" range="" resetval="0" rwaccess="RW" width="1"></bitfield>
<bitfield begin="6" description="P4IN6" end="6" id="P4IN6" range="" resetval="0" rwaccess="RW" width="1"></bitfield>
<bitfield begin="7" description="P4IN7" end="7" id="P4IN7" range="" resetval="0" rwaccess="RW" width="1"></bitfield></register>
<register acronym="P4OUT" description="Port 4 Output" id="P4OUT" offset=" 0x0223" width="8">
<bitfield begin="0" description="P4OUT0" end="0" id="P4OUT0" range="" resetval="0" rwaccess="RW" width="1"></bitfield>
<bitfield begin="1" description="P4OUT1" end="1" id="P4OUT1" range="" resetval="0" rwaccess="RW" width="1"></bitfield>
<bitfield begin="2" description="P4OUT2" end="2" id="P4OUT2" range="" resetval="0" rwaccess="RW" width="1"></bitfield>
<bitfield begin="3" description="P4OUT3" end="3" id="P4OUT3" range="" resetval="0" rwaccess="RW" width="1"></bitfield>
<bitfield begin="4" description="P4OUT4" end="4" id="P4OUT4" range="" resetval="0" rwaccess="RW" width="1"></bitfield>
<bitfield begin="5" description="P4OUT5" end="5" id="P4OUT5" range="" resetval="0" rwaccess="RW" width="1"></bitfield>
<bitfield begin="6" description="P4OUT6" end="6" id="P4OUT6" range="" resetval="0" rwaccess="RW" width="1"></bitfield>
<bitfield begin="7" description="P4OUT7" end="7" id="P4OUT7" range="" resetval="0" rwaccess="RW" width="1"></bitfield></register>
<register acronym="P4DIR" description="Port 4 Direction" id="P4DIR" offset=" 0x0225" width="8">
<bitfield begin="0" description="P4DIR0" end="0" id="P4DIR0" range="" resetval="0" rwaccess="RW" width="1"></bitfield>
<bitfield begin="1" description="P4DIR1" end="1" id="P4DIR1" range="" resetval="0" rwaccess="RW" width="1"></bitfield>
<bitfield begin="2" description="P4DIR2" end="2" id="P4DIR2" range="" resetval="0" rwaccess="RW" width="1"></bitfield>
<bitfield begin="3" description="P4DIR3" end="3" id="P4DIR3" range="" resetval="0" rwaccess="RW" width="1"></bitfield>
<bitfield begin="4" description="P4DIR4" end="4" id="P4DIR4" range="" resetval="0" rwaccess="RW" width="1"></bitfield>
<bitfield begin="5" description="P4DIR5" end="5" id="P4DIR5" range="" resetval="0" rwaccess="RW" width="1"></bitfield>
<bitfield begin="6" description="P4DIR6" end="6" id="P4DIR6" range="" resetval="0" rwaccess="RW" width="1"></bitfield>
<bitfield begin="7" description="P4DIR7" end="7" id="P4DIR7" range="" resetval="0" rwaccess="RW" width="1"></bitfield></register>
<register acronym="P4REN" description="Port 4 Resistor Enable" id="P4REN" offset=" 0x0227" width="8">
<bitfield begin="0" description="P4REN0" end="0" id="P4REN0" range="" resetval="0" rwaccess="RW" width="1"></bitfield>
<bitfield begin="1" description="P4REN1" end="1" id="P4REN1" range="" resetval="0" rwaccess="RW" width="1"></bitfield>
<bitfield begin="2" description="P4REN2" end="2" id="P4REN2" range="" resetval="0" rwaccess="RW" width="1"></bitfield>
<bitfield begin="3" description="P4REN3" end="3" id="P4REN3" range="" resetval="0" rwaccess="RW" width="1"></bitfield>
<bitfield begin="4" description="P4REN4" end="4" id="P4REN4" range="" resetval="0" rwaccess="RW" width="1"></bitfield>
<bitfield begin="5" description="P4REN5" end="5" id="P4REN5" range="" resetval="0" rwaccess="RW" width="1"></bitfield>
<bitfield begin="6" description="P4REN6" end="6" id="P4REN6" range="" resetval="0" rwaccess="RW" width="1"></bitfield>
<bitfield begin="7" description="P4REN7" end="7" id="P4REN7" range="" resetval="0" rwaccess="RW" width="1"></bitfield></register>
<register acronym="P4DS" description="Port 4 Drive Strenght" id="P4DS" offset=" 0x0229" width="8">
<bitfield begin="0" description="P4DS0" end="0" id="P4DS0" range="" resetval="0" rwaccess="RW" width="1"></bitfield>
<bitfield begin="1" description="P4DS1" end="1" id="P4DS1" range="" resetval="0" rwaccess="RW" width="1"></bitfield>
<bitfield begin="2" description="P4DS2" end="2" id="P4DS2" range="" resetval="0" rwaccess="RW" width="1"></bitfield>
<bitfield begin="3" description="P4DS3" end="3" id="P4DS3" range="" resetval="0" rwaccess="RW" width="1"></bitfield>
<bitfield begin="4" description="P4DS4" end="4" id="P4DS4" range="" resetval="0" rwaccess="RW" width="1"></bitfield>
<bitfield begin="5" description="P4DS5" end="5" id="P4DS5" range="" resetval="0" rwaccess="RW" width="1"></bitfield>
<bitfield begin="6" description="P4DS6" end="6" id="P4DS6" range="" resetval="0" rwaccess="RW" width="1"></bitfield>
<bitfield begin="7" description="P4DS7" end="7" id="P4DS7" range="" resetval="0" rwaccess="RW" width="1"></bitfield></register>
<register acronym="P4SEL" description="Port 4 Selection" id="P4SEL" offset=" 0x022B" width="8">
<bitfield begin="0" description="P4SEL0" end="0" id="P4SEL0" range="" resetval="0" rwaccess="RW" width="1"></bitfield>
<bitfield begin="1" description="P4SEL1" end="1" id="P4SEL1" range="" resetval="0" rwaccess="RW" width="1"></bitfield>
<bitfield begin="2" description="P4SEL2" end="2" id="P4SEL2" range="" resetval="0" rwaccess="RW" width="1"></bitfield>
<bitfield begin="3" description="P4SEL3" end="3" id="P4SEL3" range="" resetval="0" rwaccess="RW" width="1"></bitfield>
<bitfield begin="4" description="P4SEL4" end="4" id="P4SEL4" range="" resetval="0" rwaccess="RW" width="1"></bitfield>
<bitfield begin="5" description="P4SEL5" end="5" id="P4SEL5" range="" resetval="0" rwaccess="RW" width="1"></bitfield>
<bitfield begin="6" description="P4SEL6" end="6" id="P4SEL6" range="" resetval="0" rwaccess="RW" width="1"></bitfield>
<bitfield begin="7" description="P4SEL7" end="7" id="P4SEL7" range="" resetval="0" rwaccess="RW" width="1"></bitfield></register>
</module>