<module HW_revision="" XML_version="1" description="Port C" id="Port C">
<register acronym="PCIN" description="Port C Input" id="PCIN" offset=" 0x0240" width="16">
<bitfield begin="0" description="PCIN0" end="0" id="PCIN0" range="" resetval="0" rwaccess="RW" width="1"></bitfield>
<bitfield begin="1" description="PCIN1" end="1" id="PCIN1" range="" resetval="0" rwaccess="RW" width="1"></bitfield>
<bitfield begin="2" description="PCIN2" end="2" id="PCIN2" range="" resetval="0" rwaccess="RW" width="1"></bitfield>
<bitfield begin="3" description="PCIN3" end="3" id="PCIN3" range="" resetval="0" rwaccess="RW" width="1"></bitfield>
<bitfield begin="4" description="PCIN4" end="4" id="PCIN4" range="" resetval="0" rwaccess="RW" width="1"></bitfield>
<bitfield begin="5" description="PCIN5" end="5" id="PCIN5" range="" resetval="0" rwaccess="RW" width="1"></bitfield>
<bitfield begin="6" description="PCIN6" end="6" id="PCIN6" range="" resetval="0" rwaccess="RW" width="1"></bitfield>
<bitfield begin="7" description="PCIN7" end="7" id="PCIN7" range="" resetval="0" rwaccess="RW" width="1"></bitfield>
<bitfield begin="8" description="PCIN8" end="8" id="PCIN8" range="" resetval="0" rwaccess="RW" width="1"></bitfield>
<bitfield begin="9" description="PCIN9" end="9" id="PCIN9" range="" resetval="0" rwaccess="RW" width="1"></bitfield>
<bitfield begin="10" description="PCIN10" end="10" id="PCIN10" range="" resetval="0" rwaccess="RW" width="1"></bitfield>
<bitfield begin="11" description="PCIN11" end="11" id="PCIN11" range="" resetval="0" rwaccess="RW" width="1"></bitfield>
<bitfield begin="12" description="PCIN12" end="12" id="PCIN12" range="" resetval="0" rwaccess="RW" width="1"></bitfield>
<bitfield begin="13" description="PCIN13" end="13" id="PCIN13" range="" resetval="0" rwaccess="RW" width="1"></bitfield>
<bitfield begin="14" description="PCIN14" end="14" id="PCIN14" range="" resetval="0" rwaccess="RW" width="1"></bitfield>
<bitfield begin="15" description="PCIN15" end="15" id="PCIN15" range="" resetval="0" rwaccess="RW" width="1"></bitfield></register>
<register acronym="PCOUT" description="Port C Output" id="PCOUT" offset=" 0x0242" width="16">
<bitfield begin="0" description="PCOUT0" end="0" id="PCOUT0" range="" resetval="0" rwaccess="RW" width="1"></bitfield>
<bitfield begin="1" description="PCOUT1" end="1" id="PCOUT1" range="" resetval="0" rwaccess="RW" width="1"></bitfield>
<bitfield begin="2" description="PCOUT2" end="2" id="PCOUT2" range="" resetval="0" rwaccess="RW" width="1"></bitfield>
<bitfield begin="3" description="PCOUT3" end="3" id="PCOUT3" range="" resetval="0" rwaccess="RW" width="1"></bitfield>
<bitfield begin="4" description="PCOUT4" end="4" id="PCOUT4" range="" resetval="0" rwaccess="RW" width="1"></bitfield>
<bitfield begin="5" description="PCOUT5" end="5" id="PCOUT5" range="" resetval="0" rwaccess="RW" width="1"></bitfield>
<bitfield begin="6" description="PCOUT6" end="6" id="PCOUT6" range="" resetval="0" rwaccess="RW" width="1"></bitfield>
<bitfield begin="7" description="PCOUT7" end="7" id="PCOUT7" range="" resetval="0" rwaccess="RW" width="1"></bitfield>
<bitfield begin="8" description="PCOUT8" end="8" id="PCOUT8" range="" resetval="0" rwaccess="RW" width="1"></bitfield>
<bitfield begin="9" description="PCOUT9" end="9" id="PCOUT9" range="" resetval="0" rwaccess="RW" width="1"></bitfield>
<bitfield begin="10" description="PCOUT10" end="10" id="PCOUT10" range="" resetval="0" rwaccess="RW" width="1"></bitfield>
<bitfield begin="11" description="PCOUT11" end="11" id="PCOUT11" range="" resetval="0" rwaccess="RW" width="1"></bitfield>
<bitfield begin="12" description="PCOUT12" end="12" id="PCOUT12" range="" resetval="0" rwaccess="RW" width="1"></bitfield>
<bitfield begin="13" description="PCOUT13" end="13" id="PCOUT13" range="" resetval="0" rwaccess="RW" width="1"></bitfield>
<bitfield begin="14" description="PCOUT14" end="14" id="PCOUT14" range="" resetval="0" rwaccess="RW" width="1"></bitfield>
<bitfield begin="15" description="PCOUT15" end="15" id="PCOUT15" range="" resetval="0" rwaccess="RW" width="1"></bitfield></register>
<register acronym="PCDIR" description="Port C Direction" id="PCDIR" offset=" 0x0244" width="16">
<bitfield begin="0" description="PCDIR0" end="0" id="PCDIR0" range="" resetval="0" rwaccess="RW" width="1"></bitfield>
<bitfield begin="1" description="PCDIR1" end="1" id="PCDIR1" range="" resetval="0" rwaccess="RW" width="1"></bitfield>
<bitfield begin="2" description="PCDIR2" end="2" id="PCDIR2" range="" resetval="0" rwaccess="RW" width="1"></bitfield>
<bitfield begin="3" description="PCDIR3" end="3" id="PCDIR3" range="" resetval="0" rwaccess="RW" width="1"></bitfield>
<bitfield begin="4" description="PCDIR4" end="4" id="PCDIR4" range="" resetval="0" rwaccess="RW" width="1"></bitfield>
<bitfield begin="5" description="PCDIR5" end="5" id="PCDIR5" range="" resetval="0" rwaccess="RW" width="1"></bitfield>
<bitfield begin="6" description="PCDIR6" end="6" id="PCDIR6" range="" resetval="0" rwaccess="RW" width="1"></bitfield>
<bitfield begin="7" description="PCDIR7" end="7" id="PCDIR7" range="" resetval="0" rwaccess="RW" width="1"></bitfield>
<bitfield begin="8" description="PCDIR8" end="8" id="PCDIR8" range="" resetval="0" rwaccess="RW" width="1"></bitfield>
<bitfield begin="9" description="PCDIR9" end="9" id="PCDIR9" range="" resetval="0" rwaccess="RW" width="1"></bitfield>
<bitfield begin="10" description="PCDIR10" end="10" id="PCDIR10" range="" resetval="0" rwaccess="RW" width="1"></bitfield>
<bitfield begin="11" description="PCDIR11" end="11" id="PCDIR11" range="" resetval="0" rwaccess="RW" width="1"></bitfield>
<bitfield begin="12" description="PCDIR12" end="12" id="PCDIR12" range="" resetval="0" rwaccess="RW" width="1"></bitfield>
<bitfield begin="13" description="PCDIR13" end="13" id="PCDIR13" range="" resetval="0" rwaccess="RW" width="1"></bitfield>
<bitfield begin="14" description="PCDIR14" end="14" id="PCDIR14" range="" resetval="0" rwaccess="RW" width="1"></bitfield>
<bitfield begin="15" description="PCDIR15" end="15" id="PCDIR15" range="" resetval="0" rwaccess="RW" width="1"></bitfield></register>
<register acronym="PCREN" description="Port C Resistor Enable" id="PCREN" offset=" 0x0246" width="16">
<bitfield begin="0" description="PCREN0" end="0" id="PCREN0" range="" resetval="0" rwaccess="RW" width="1"></bitfield>
<bitfield begin="1" description="PCREN1" end="1" id="PCREN1" range="" resetval="0" rwaccess="RW" width="1"></bitfield>
<bitfield begin="2" description="PCREN2" end="2" id="PCREN2" range="" resetval="0" rwaccess="RW" width="1"></bitfield>
<bitfield begin="3" description="PCREN3" end="3" id="PCREN3" range="" resetval="0" rwaccess="RW" width="1"></bitfield>
<bitfield begin="4" description="PCREN4" end="4" id="PCREN4" range="" resetval="0" rwaccess="RW" width="1"></bitfield>
<bitfield begin="5" description="PCREN5" end="5" id="PCREN5" range="" resetval="0" rwaccess="RW" width="1"></bitfield>
<bitfield begin="6" description="PCREN6" end="6" id="PCREN6" range="" resetval="0" rwaccess="RW" width="1"></bitfield>
<bitfield begin="7" description="PCREN7" end="7" id="PCREN7" range="" resetval="0" rwaccess="RW" width="1"></bitfield>
<bitfield begin="8" description="PCREN8" end="8" id="PCREN8" range="" resetval="0" rwaccess="RW" width="1"></bitfield>
<bitfield begin="9" description="PCREN9" end="9" id="PCREN9" range="" resetval="0" rwaccess="RW" width="1"></bitfield>
<bitfield begin="10" description="PCREN10" end="10" id="PCREN10" range="" resetval="0" rwaccess="RW" width="1"></bitfield>
<bitfield begin="11" description="PCREN11" end="11" id="PCREN11" range="" resetval="0" rwaccess="RW" width="1"></bitfield>
<bitfield begin="12" description="PCREN12" end="12" id="PCREN12" range="" resetval="0" rwaccess="RW" width="1"></bitfield>
<bitfield begin="13" description="PCREN13" end="13" id="PCREN13" range="" resetval="0" rwaccess="RW" width="1"></bitfield>
<bitfield begin="14" description="PCREN14" end="14" id="PCREN14" range="" resetval="0" rwaccess="RW" width="1"></bitfield>
<bitfield begin="15" description="PCREN15" end="15" id="PCREN15" range="" resetval="0" rwaccess="RW" width="1"></bitfield></register>
<register acronym="PCDS" description="Port C Drive Strenght" id="PCDS" offset=" 0x0248" width="16">
<bitfield begin="0" description="PCDS0" end="0" id="PCDS0" range="" resetval="0" rwaccess="RW" width="1"></bitfield>
<bitfield begin="1" description="PCDS1" end="1" id="PCDS1" range="" resetval="0" rwaccess="RW" width="1"></bitfield>
<bitfield begin="2" description="PCDS2" end="2" id="PCDS2" range="" resetval="0" rwaccess="RW" width="1"></bitfield>
<bitfield begin="3" description="PCDS3" end="3" id="PCDS3" range="" resetval="0" rwaccess="RW" width="1"></bitfield>
<bitfield begin="4" description="PCDS4" end="4" id="PCDS4" range="" resetval="0" rwaccess="RW" width="1"></bitfield>
<bitfield begin="5" description="PCDS5" end="5" id="PCDS5" range="" resetval="0" rwaccess="RW" width="1"></bitfield>
<bitfield begin="6" description="PCDS6" end="6" id="PCDS6" range="" resetval="0" rwaccess="RW" width="1"></bitfield>
<bitfield begin="7" description="PCDS7" end="7" id="PCDS7" range="" resetval="0" rwaccess="RW" width="1"></bitfield>
<bitfield begin="8" description="PCDS8" end="8" id="PCDS8" range="" resetval="0" rwaccess="RW" width="1"></bitfield>
<bitfield begin="9" description="PCDS9" end="9" id="PCDS9" range="" resetval="0" rwaccess="RW" width="1"></bitfield>
<bitfield begin="10" description="PCDS10" end="10" id="PCDS10" range="" resetval="0" rwaccess="RW" width="1"></bitfield>
<bitfield begin="11" description="PCDS11" end="11" id="PCDS11" range="" resetval="0" rwaccess="RW" width="1"></bitfield>
<bitfield begin="12" description="PCDS12" end="12" id="PCDS12" range="" resetval="0" rwaccess="RW" width="1"></bitfield>
<bitfield begin="13" description="PCDS13" end="13" id="PCDS13" range="" resetval="0" rwaccess="RW" width="1"></bitfield>
<bitfield begin="14" description="PCDS14" end="14" id="PCDS14" range="" resetval="0" rwaccess="RW" width="1"></bitfield>
<bitfield begin="15" description="PCDS15" end="15" id="PCDS15" range="" resetval="0" rwaccess="RW" width="1"></bitfield></register>
<register acronym="PCSEL" description="Port C Selection" id="PCSEL" offset=" 0x024A" width="16">
<bitfield begin="0" description="PCSEL0" end="0" id="PCSEL0" range="" resetval="0" rwaccess="RW" width="1"></bitfield>
<bitfield begin="1" description="PCSEL1" end="1" id="PCSEL1" range="" resetval="0" rwaccess="RW" width="1"></bitfield>
<bitfield begin="2" description="PCSEL2" end="2" id="PCSEL2" range="" resetval="0" rwaccess="RW" width="1"></bitfield>
<bitfield begin="3" description="PCSEL3" end="3" id="PCSEL3" range="" resetval="0" rwaccess="RW" width="1"></bitfield>
<bitfield begin="4" description="PCSEL4" end="4" id="PCSEL4" range="" resetval="0" rwaccess="RW" width="1"></bitfield>
<bitfield begin="5" description="PCSEL5" end="5" id="PCSEL5" range="" resetval="0" rwaccess="RW" width="1"></bitfield>
<bitfield begin="6" description="PCSEL6" end="6" id="PCSEL6" range="" resetval="0" rwaccess="RW" width="1"></bitfield>
<bitfield begin="7" description="PCSEL7" end="7" id="PCSEL7" range="" resetval="0" rwaccess="RW" width="1"></bitfield>
<bitfield begin="8" description="PCSEL8" end="8" id="PCSEL8" range="" resetval="0" rwaccess="RW" width="1"></bitfield>
<bitfield begin="9" description="PCSEL9" end="9" id="PCSEL9" range="" resetval="0" rwaccess="RW" width="1"></bitfield>
<bitfield begin="10" description="PCSEL10" end="10" id="PCSEL10" range="" resetval="0" rwaccess="RW" width="1"></bitfield>
<bitfield begin="11" description="PCSEL11" end="11" id="PCSEL11" range="" resetval="0" rwaccess="RW" width="1"></bitfield>
<bitfield begin="12" description="PCSEL12" end="12" id="PCSEL12" range="" resetval="0" rwaccess="RW" width="1"></bitfield>
<bitfield begin="13" description="PCSEL13" end="13" id="PCSEL13" range="" resetval="0" rwaccess="RW" width="1"></bitfield>
<bitfield begin="14" description="PCSEL14" end="14" id="PCSEL14" range="" resetval="0" rwaccess="RW" width="1"></bitfield>
<bitfield begin="15" description="PCSEL15" end="15" id="PCSEL15" range="" resetval="0" rwaccess="RW" width="1"></bitfield></register>
</module>