<module HW_revision="" XML_version="1" description="Port D" id="Port D">
<register acronym="PDIN" description="Port D Input" id="PDIN" offset=" 0x0260" width="16">
<bitfield begin="0" description="PDIN0" end="0" id="PDIN0" range="" resetval="0" rwaccess="RW" width="1"></bitfield>
<bitfield begin="1" description="PDIN1" end="1" id="PDIN1" range="" resetval="0" rwaccess="RW" width="1"></bitfield>
<bitfield begin="2" description="PDIN2" end="2" id="PDIN2" range="" resetval="0" rwaccess="RW" width="1"></bitfield>
<bitfield begin="3" description="PDIN3" end="3" id="PDIN3" range="" resetval="0" rwaccess="RW" width="1"></bitfield>
<bitfield begin="4" description="PDIN4" end="4" id="PDIN4" range="" resetval="0" rwaccess="RW" width="1"></bitfield>
<bitfield begin="5" description="PDIN5" end="5" id="PDIN5" range="" resetval="0" rwaccess="RW" width="1"></bitfield>
<bitfield begin="6" description="PDIN6" end="6" id="PDIN6" range="" resetval="0" rwaccess="RW" width="1"></bitfield>
<bitfield begin="7" description="PDIN7" end="7" id="PDIN7" range="" resetval="0" rwaccess="RW" width="1"></bitfield>
<bitfield begin="8" description="PDIN8" end="8" id="PDIN8" range="" resetval="0" rwaccess="RW" width="1"></bitfield>
<bitfield begin="9" description="PDIN9" end="9" id="PDIN9" range="" resetval="0" rwaccess="RW" width="1"></bitfield>
<bitfield begin="10" description="PDIN10" end="10" id="PDIN10" range="" resetval="0" rwaccess="RW" width="1"></bitfield>
<bitfield begin="11" description="PDIN11" end="11" id="PDIN11" range="" resetval="0" rwaccess="RW" width="1"></bitfield>
<bitfield begin="12" description="PDIN12" end="12" id="PDIN12" range="" resetval="0" rwaccess="RW" width="1"></bitfield>
<bitfield begin="13" description="PDIN13" end="13" id="PDIN13" range="" resetval="0" rwaccess="RW" width="1"></bitfield>
<bitfield begin="14" description="PDIN14" end="14" id="PDIN14" range="" resetval="0" rwaccess="RW" width="1"></bitfield>
<bitfield begin="15" description="PDIN15" end="15" id="PDIN15" range="" resetval="0" rwaccess="RW" width="1"></bitfield></register>
<register acronym="PDOUT" description="Port D Output" id="PDOUT" offset=" 0x0262" width="16">
<bitfield begin="0" description="PDOUT0" end="0" id="PDOUT0" range="" resetval="0" rwaccess="RW" width="1"></bitfield>
<bitfield begin="1" description="PDOUT1" end="1" id="PDOUT1" range="" resetval="0" rwaccess="RW" width="1"></bitfield>
<bitfield begin="2" description="PDOUT2" end="2" id="PDOUT2" range="" resetval="0" rwaccess="RW" width="1"></bitfield>
<bitfield begin="3" description="PDOUT3" end="3" id="PDOUT3" range="" resetval="0" rwaccess="RW" width="1"></bitfield>
<bitfield begin="4" description="PDOUT4" end="4" id="PDOUT4" range="" resetval="0" rwaccess="RW" width="1"></bitfield>
<bitfield begin="5" description="PDOUT5" end="5" id="PDOUT5" range="" resetval="0" rwaccess="RW" width="1"></bitfield>
<bitfield begin="6" description="PDOUT6" end="6" id="PDOUT6" range="" resetval="0" rwaccess="RW" width="1"></bitfield>
<bitfield begin="7" description="PDOUT7" end="7" id="PDOUT7" range="" resetval="0" rwaccess="RW" width="1"></bitfield>
<bitfield begin="8" description="PDOUT8" end="8" id="PDOUT8" range="" resetval="0" rwaccess="RW" width="1"></bitfield>
<bitfield begin="9" description="PDOUT9" end="9" id="PDOUT9" range="" resetval="0" rwaccess="RW" width="1"></bitfield>
<bitfield begin="10" description="PDOUT10" end="10" id="PDOUT10" range="" resetval="0" rwaccess="RW" width="1"></bitfield>
<bitfield begin="11" description="PDOUT11" end="11" id="PDOUT11" range="" resetval="0" rwaccess="RW" width="1"></bitfield>
<bitfield begin="12" description="PDOUT12" end="12" id="PDOUT12" range="" resetval="0" rwaccess="RW" width="1"></bitfield>
<bitfield begin="13" description="PDOUT13" end="13" id="PDOUT13" range="" resetval="0" rwaccess="RW" width="1"></bitfield>
<bitfield begin="14" description="PDOUT14" end="14" id="PDOUT14" range="" resetval="0" rwaccess="RW" width="1"></bitfield>
<bitfield begin="15" description="PDOUT15" end="15" id="PDOUT15" range="" resetval="0" rwaccess="RW" width="1"></bitfield></register>
<register acronym="PDDIR" description="Port D Direction" id="PDDIR" offset=" 0x0264" width="16">
<bitfield begin="0" description="PDDIR0" end="0" id="PDDIR0" range="" resetval="0" rwaccess="RW" width="1"></bitfield>
<bitfield begin="1" description="PDDIR1" end="1" id="PDDIR1" range="" resetval="0" rwaccess="RW" width="1"></bitfield>
<bitfield begin="2" description="PDDIR2" end="2" id="PDDIR2" range="" resetval="0" rwaccess="RW" width="1"></bitfield>
<bitfield begin="3" description="PDDIR3" end="3" id="PDDIR3" range="" resetval="0" rwaccess="RW" width="1"></bitfield>
<bitfield begin="4" description="PDDIR4" end="4" id="PDDIR4" range="" resetval="0" rwaccess="RW" width="1"></bitfield>
<bitfield begin="5" description="PDDIR5" end="5" id="PDDIR5" range="" resetval="0" rwaccess="RW" width="1"></bitfield>
<bitfield begin="6" description="PDDIR6" end="6" id="PDDIR6" range="" resetval="0" rwaccess="RW" width="1"></bitfield>
<bitfield begin="7" description="PDDIR7" end="7" id="PDDIR7" range="" resetval="0" rwaccess="RW" width="1"></bitfield>
<bitfield begin="8" description="PDDIR8" end="8" id="PDDIR8" range="" resetval="0" rwaccess="RW" width="1"></bitfield>
<bitfield begin="9" description="PDDIR9" end="9" id="PDDIR9" range="" resetval="0" rwaccess="RW" width="1"></bitfield>
<bitfield begin="10" description="PDDIR10" end="10" id="PDDIR10" range="" resetval="0" rwaccess="RW" width="1"></bitfield>
<bitfield begin="11" description="PDDIR11" end="11" id="PDDIR11" range="" resetval="0" rwaccess="RW" width="1"></bitfield>
<bitfield begin="12" description="PDDIR12" end="12" id="PDDIR12" range="" resetval="0" rwaccess="RW" width="1"></bitfield>
<bitfield begin="13" description="PDDIR13" end="13" id="PDDIR13" range="" resetval="0" rwaccess="RW" width="1"></bitfield>
<bitfield begin="14" description="PDDIR14" end="14" id="PDDIR14" range="" resetval="0" rwaccess="RW" width="1"></bitfield>
<bitfield begin="15" description="PDDIR15" end="15" id="PDDIR15" range="" resetval="0" rwaccess="RW" width="1"></bitfield></register>
<register acronym="PDREN" description="Port D Resistor Enable" id="PDREN" offset=" 0x0266" width="16">
<bitfield begin="0" description="PDREN0" end="0" id="PDREN0" range="" resetval="0" rwaccess="RW" width="1"></bitfield>
<bitfield begin="1" description="PDREN1" end="1" id="PDREN1" range="" resetval="0" rwaccess="RW" width="1"></bitfield>
<bitfield begin="2" description="PDREN2" end="2" id="PDREN2" range="" resetval="0" rwaccess="RW" width="1"></bitfield>
<bitfield begin="3" description="PDREN3" end="3" id="PDREN3" range="" resetval="0" rwaccess="RW" width="1"></bitfield>
<bitfield begin="4" description="PDREN4" end="4" id="PDREN4" range="" resetval="0" rwaccess="RW" width="1"></bitfield>
<bitfield begin="5" description="PDREN5" end="5" id="PDREN5" range="" resetval="0" rwaccess="RW" width="1"></bitfield>
<bitfield begin="6" description="PDREN6" end="6" id="PDREN6" range="" resetval="0" rwaccess="RW" width="1"></bitfield>
<bitfield begin="7" description="PDREN7" end="7" id="PDREN7" range="" resetval="0" rwaccess="RW" width="1"></bitfield>
<bitfield begin="8" description="PDREN8" end="8" id="PDREN8" range="" resetval="0" rwaccess="RW" width="1"></bitfield>
<bitfield begin="9" description="PDREN9" end="9" id="PDREN9" range="" resetval="0" rwaccess="RW" width="1"></bitfield>
<bitfield begin="10" description="PDREN10" end="10" id="PDREN10" range="" resetval="0" rwaccess="RW" width="1"></bitfield>
<bitfield begin="11" description="PDREN11" end="11" id="PDREN11" range="" resetval="0" rwaccess="RW" width="1"></bitfield>
<bitfield begin="12" description="PDREN12" end="12" id="PDREN12" range="" resetval="0" rwaccess="RW" width="1"></bitfield>
<bitfield begin="13" description="PDREN13" end="13" id="PDREN13" range="" resetval="0" rwaccess="RW" width="1"></bitfield>
<bitfield begin="14" description="PDREN14" end="14" id="PDREN14" range="" resetval="0" rwaccess="RW" width="1"></bitfield>
<bitfield begin="15" description="PDREN15" end="15" id="PDREN15" range="" resetval="0" rwaccess="RW" width="1"></bitfield></register>
<register acronym="PDDS" description="Port D Drive Strenght" id="PDDS" offset=" 0x0268" width="16">
<bitfield begin="0" description="PDDS0" end="0" id="PDDS0" range="" resetval="0" rwaccess="RW" width="1"></bitfield>
<bitfield begin="1" description="PDDS1" end="1" id="PDDS1" range="" resetval="0" rwaccess="RW" width="1"></bitfield>
<bitfield begin="2" description="PDDS2" end="2" id="PDDS2" range="" resetval="0" rwaccess="RW" width="1"></bitfield>
<bitfield begin="3" description="PDDS3" end="3" id="PDDS3" range="" resetval="0" rwaccess="RW" width="1"></bitfield>
<bitfield begin="4" description="PDDS4" end="4" id="PDDS4" range="" resetval="0" rwaccess="RW" width="1"></bitfield>
<bitfield begin="5" description="PDDS5" end="5" id="PDDS5" range="" resetval="0" rwaccess="RW" width="1"></bitfield>
<bitfield begin="6" description="PDDS6" end="6" id="PDDS6" range="" resetval="0" rwaccess="RW" width="1"></bitfield>
<bitfield begin="7" description="PDDS7" end="7" id="PDDS7" range="" resetval="0" rwaccess="RW" width="1"></bitfield>
<bitfield begin="8" description="PDDS8" end="8" id="PDDS8" range="" resetval="0" rwaccess="RW" width="1"></bitfield>
<bitfield begin="9" description="PDDS9" end="9" id="PDDS9" range="" resetval="0" rwaccess="RW" width="1"></bitfield>
<bitfield begin="10" description="PDDS10" end="10" id="PDDS10" range="" resetval="0" rwaccess="RW" width="1"></bitfield>
<bitfield begin="11" description="PDDS11" end="11" id="PDDS11" range="" resetval="0" rwaccess="RW" width="1"></bitfield>
<bitfield begin="12" description="PDDS12" end="12" id="PDDS12" range="" resetval="0" rwaccess="RW" width="1"></bitfield>
<bitfield begin="13" description="PDDS13" end="13" id="PDDS13" range="" resetval="0" rwaccess="RW" width="1"></bitfield>
<bitfield begin="14" description="PDDS14" end="14" id="PDDS14" range="" resetval="0" rwaccess="RW" width="1"></bitfield>
<bitfield begin="15" description="PDDS15" end="15" id="PDDS15" range="" resetval="0" rwaccess="RW" width="1"></bitfield></register>
<register acronym="PDSEL" description="Port D Selection" id="PDSEL" offset=" 0x026A" width="16">
<bitfield begin="0" description="PDSEL0" end="0" id="PDSEL0" range="" resetval="0" rwaccess="RW" width="1"></bitfield>
<bitfield begin="1" description="PDSEL1" end="1" id="PDSEL1" range="" resetval="0" rwaccess="RW" width="1"></bitfield>
<bitfield begin="2" description="PDSEL2" end="2" id="PDSEL2" range="" resetval="0" rwaccess="RW" width="1"></bitfield>
<bitfield begin="3" description="PDSEL3" end="3" id="PDSEL3" range="" resetval="0" rwaccess="RW" width="1"></bitfield>
<bitfield begin="4" description="PDSEL4" end="4" id="PDSEL4" range="" resetval="0" rwaccess="RW" width="1"></bitfield>
<bitfield begin="5" description="PDSEL5" end="5" id="PDSEL5" range="" resetval="0" rwaccess="RW" width="1"></bitfield>
<bitfield begin="6" description="PDSEL6" end="6" id="PDSEL6" range="" resetval="0" rwaccess="RW" width="1"></bitfield>
<bitfield begin="7" description="PDSEL7" end="7" id="PDSEL7" range="" resetval="0" rwaccess="RW" width="1"></bitfield>
<bitfield begin="8" description="PDSEL8" end="8" id="PDSEL8" range="" resetval="0" rwaccess="RW" width="1"></bitfield>
<bitfield begin="9" description="PDSEL9" end="9" id="PDSEL9" range="" resetval="0" rwaccess="RW" width="1"></bitfield>
<bitfield begin="10" description="PDSEL10" end="10" id="PDSEL10" range="" resetval="0" rwaccess="RW" width="1"></bitfield>
<bitfield begin="11" description="PDSEL11" end="11" id="PDSEL11" range="" resetval="0" rwaccess="RW" width="1"></bitfield>
<bitfield begin="12" description="PDSEL12" end="12" id="PDSEL12" range="" resetval="0" rwaccess="RW" width="1"></bitfield>
<bitfield begin="13" description="PDSEL13" end="13" id="PDSEL13" range="" resetval="0" rwaccess="RW" width="1"></bitfield>
<bitfield begin="14" description="PDSEL14" end="14" id="PDSEL14" range="" resetval="0" rwaccess="RW" width="1"></bitfield>
<bitfield begin="15" description="PDSEL15" end="15" id="PDSEL15" range="" resetval="0" rwaccess="RW" width="1"></bitfield></register>
</module>